episode,avg_score,final_x,final_y,final_z
1.0,2.784030630509391,-5.784576471901668,-7.981379036041168,5.13661437116081
2.0,2.45649078810255,-10.341713109191053,-9.466155772329545,3.60456754249774
3.0,2.797281713739731,0.6907817530848887,3.197245112172871,6.400933320399703
4.0,2.072729806957022,-8.086611056368893,15.672236367730532,2.6506022680514736
5.0,1.4597664585093977,21.061436308389865,5.101007433527829,0.0
6.0,2.7989698996745296,0.45026421313488846,9.53769227885597,5.626810458964622
7.0,1.4614874926423158,5.1937691436912345,21.313681920331998,0.3987424665586791
8.0,2.6388388486749768,-14.451895058575166,3.895302207058891,4.088096074577401
9.0,2.677023893333134,4.588979306482422,11.194066007938599,4.756127715573316
10.0,2.8263547966089604,1.6525306871780236,-2.2579482600819443,7.602860210662274
11.0,2.8298373598798197,-6.297239409646152,8.78462998556147,6.151946661346931
12.0,1.3461983201796959,6.471473011283301,21.52185136387213,0.0
13.0,2.8242958027631846,-3.3132197669715873,11.452079924826437,5.602239105570839
14.0,2.82849004542107,8.495052446077407,1.569904194389853,5.81395531627073
15.0,2.8052917377047217,-6.405826992126859,9.56830958338107,4.910979873510025
16.0,2.0485611600616136,-23.34447654469439,1.5521193352311453,2.5546136813397933
17.0,2.1021575467340923,2.920738254449404,19.55698881633508,2.9257574891244245
18.0,1.9518092158945892,-12.492099706369727,-14.94303839283604,2.18880554514636
19.0,1.4909178831865257,-24.224123102912092,-3.0466609606129933,0.0
20.0,1.4776320341227176,-4.050958953597955,-20.143666202857144,0.0
21.0,1.727059701613279,-21.898284843122426,4.510869507458243,0.8759484096965375
22.0,2.8251022149778797,6.067921846817178,-1.2070575203407072,7.730893463185328
23.0,2.8252063574370405,7.051399175800916,-4.076151430282867,7.367341789111751
24.0,2.8365290843620423,6.960853545132585,-7.390050837426625,7.516976742950036
25.0,2.8235278520618072,-9.295342869429973,-5.930821402292785,5.758154618555049
26.0,2.054453234838062,-2.809510488311808,20.40014862256468,2.745916894499627
27.0,2.8258157825074584,-1.6269779399325115,-3.8588339959177973,6.863252093336532
28.0,2.8381639149473377,0.057023508229453,11.96269695447217,5.812303009329705
29.0,1.6004514734447288,-23.4185382048254,6.055521621926967,0.5250087416899389
30.0,1.5180695323023263,-18.144684346794342,10.038815503184775,0.0
31.0,1.3921843749477796,-12.866190353904168,9.783548813955525,0.0
32.0,1.5042399198991667,-16.382427838725174,4.271864988759083,0.0
33.0,2.6672062548010786,-15.849564937594671,5.297483578263399,4.629304562602641
34.0,2.0874520171226894,-20.356747486989708,-1.7657214187733707,2.6939819733259722
35.0,1.2325364457537697,-10.42932677598264,20.802458382186437,0.0
36.0,2.717859021640468,-13.843004977750768,5.2101849876408055,4.930425271637997
37.0,2.8372189056375414,0.4939649317102213,11.674991038859147,6.180117883885316
38.0,1.6126738711284605,-13.651101887636903,16.14746137455573,0.5722372794427641
39.0,2.045036318547761,-8.098827869165044,16.60705798991344,2.6912199791317666
40.0,1.7338702681359115,-19.95426029929937,-10.854384596511272,1.320148809378702
41.0,2.8028279108617276,-6.687732220326538,12.372120648930382,5.170205969318611
42.0,2.834838231547361,5.429444547562639,9.33420683166142,7.06753285146249
43.0,2.8145334153637456,4.262389214847859,-15.709284157001223,5.257159723263416
44.0,1.6435183090639491,20.43403065101736,-9.038936683769743,0.8577950204674779
45.0,1.416500223795786,-17.29404962775978,5.000480678599087,0.0
46.0,2.8394655442491255,-4.3976987101770755,4.00283653931885,7.490488103798622
47.0,1.5252894496102243,-17.74889629951834,7.420184908107263,0.0
48.0,2.3387807677618886,-18.674433124893284,1.7618282389068511,3.5946336815116604
49.0,2.807678171443764,-16.68535412779608,-1.7617561927488956,4.9486637337070185
50.0,2.833290023075397,-8.780251859562172,12.489233918730939,5.199832985616412
51.0,1.400039724156762,-16.60807551429609,13.895654862107504,0.0
52.0,2.7416238516433618,-8.18430556556463,12.322147116337018,5.031196903488038
53.0,1.4922638980975396,-16.389252360544898,-12.06219256630958,0.0
54.0,1.9590754597798838,-22.6248680952714,-3.03968184355591,2.2751787685284954
55.0,1.8220190406915482,-9.826855349543981,-19.034395684667597,1.7977917383984463
56.0,2.076484699578989,-20.458415930752423,2.174676850411778,2.5996964013341763
57.0,1.2895299773902065,-7.859959744638618,24.11731741891798,0.0
58.0,2.840233615343168,-9.580712570909002,-7.487372128147944,5.9083597111432065
59.0,2.788887140451892,-13.668205474373064,-6.6334261944184405,5.10157859757604
60.0,2.8392652731563266,7.624010411609564,-11.42297086767867,6.045986027489802
61.0,2.03188381877012,-15.296569260072891,-8.879468769331297,2.269856122042844
62.0,2.839380345643342,-7.495271896674069,-0.36990095873232404,7.260301603615796
63.0,2.8420133821787097,-8.414884426317386,6.077342436874403,7.255379386181489
64.0,2.840470133379707,-5.442730951135261,12.121541975861145,5.619976902287588
65.0,2.841054165804485,-8.814824571507067,6.269021402632891,6.625904004160335
66.0,1.780504655236023,-3.066801978490104,22.515151835437763,1.90740565907386
67.0,2.2552633554989296,-18.708784902132244,-2.1542211012240204,3.368146742076539
68.0,2.817200462750158,-11.338718763622076,5.715081892467717,5.651763571078646
69.0,1.5201391481542195,-17.844595525471398,-4.868045488682461,0.0
70.0,2.8431547727578725,4.858372465526623,13.310964654176889,6.336560182707684
71.0,2.8408834473997255,4.13591698224236,-9.799502032172356,7.148149039394988
72.0,2.49940589419052,7.244365932920672,-13.413189480897683,4.562637849622213
73.0,1.811635313661787,-19.474449465312684,11.841584239542232,2.023317769466237
74.0,2.461013981827017,-8.314786192516987,17.591082368951557,4.275032494346012
75.0,2.838546179021518,-9.276857791384046,9.444728730240222,5.671546377582057
76.0,2.1911616787457247,-14.03975321699305,-12.247052095593778,3.393485480460245
77.0,2.8398058672333812,-5.426182954745423,8.730181822347513,7.095795402545549
78.0,1.909012448930159,-22.10871923595479,7.259782245289035,2.5549468272877087
79.0,1.5040857399053145,-14.92535820494308,-7.687926521486675,0.0
80.0,2.844449083887618,-2.4281055894675703,-0.8024858161338634,8.126236233587617
81.0,2.724721659971211,-11.586857821489811,5.792754367128953,5.319179641817312
82.0,2.8446949862325996,7.876627531363172,10.311575382008774,7.2140071355984885
83.0,2.3142382988431955,-15.19691299889013,-10.485690023147594,3.949850021501196
84.0,2.840712631778839,-11.016794942277903,1.5681864760690207,6.501629573622217
85.0,1.3839916943824746,-13.751075661429994,6.3891134016344315,0.0
86.0,2.8453502919454627,-2.719323912594612,8.972694835926575,7.573916170704705
87.0,2.842061287512911,13.83284477403732,5.093481051590399,6.421904836200759
88.0,1.5870726077835617,-1.3647976436726608,-24.203403412841116,0.0
89.0,2.8415185911172993,-13.427413170554042,-4.178386001020879,6.892827967272167
90.0,2.567351830012522,18.559754037093008,5.548853741930284,4.459197599377354
91.0,1.865936475645503,-18.68828808856071,9.273600880840881,1.9205422221949098
92.0,2.8442686275033173,-5.16992746557214,5.730616033440054,7.116911219358379
93.0,1.9411500338718457,5.058508094969863,21.94386189074621,2.7144966905912633
94.0,1.6855101375522572,-18.380699257576783,12.370511771398824,0.877488759033027
95.0,2.843740150693089,-7.4327162230787955,-4.625846582378527,7.497561279904214
96.0,2.2524188666622074,-15.082326553189837,-12.189020596987486,3.729744449124097
97.0,2.8409818112974765,2.667337368427296,4.567998996251578,8.074770097831374
98.0,2.1982307521888877,14.447201633797736,13.850759829156246,3.724316598754165
99.0,2.8456256115931913,15.608271966495522,2.739681565082863,5.722205041298384
100.0,2.8438321317512125,9.154347441538338,4.01818070694526,7.35997599240304
101.0,2.8463794752861964,-0.9954219389571283,-0.3174658061155243,8.381393231576316
102.0,2.844595084116035,3.9559716798164763,-6.368584136232651,7.611566887196558
103.0,1.9889827682035353,-15.564309457324162,-12.594411360906243,2.3954501173489073
104.0,2.8418705941593085,3.98612642124991,-3.2319742434169196,8.26867348279251
105.0,2.8445586334074613,-4.581011042978186,2.2870451613293312,7.904891387958596
106.0,2.8461159952729194,11.449771800779237,2.370414033091651,7.176718884054976
107.0,1.371484950662842,23.516233294276454,9.713843718786867,0.2481441700107238
108.0,2.2520774051494183,3.8324235448205495,18.89011419730839,3.5842075063159022
109.0,2.844150243801158,-5.070956975636377,-3.7093346688947206,8.076604876023056
110.0,2.8474579730986824,-17.744759938273816,-3.39011346854754,5.688831445356476
111.0,2.8456090557006797,-0.9301086520668266,-8.038494395960216,7.733787887106149
112.0,2.8470225839273033,5.021511416893186,-2.6971531756832756,8.308084593204585
113.0,2.843551672974271,-1.4879815745973817,-1.2142320560437447,8.322426499567744
114.0,2.8466631738037256,6.423486750416614,-7.378135069314194,6.971671142276231
115.0,2.8425269780577165,-1.2068250875003843,-6.6113052153934415,7.76811779899196
116.0,2.8457595922221555,-0.48997450891750083,12.915273035066793,7.121699028977899
117.0,1.529747402343827,5.548978386702621,-23.899487055071923,0.0
118.0,2.5246017749838066,7.1240720045012855,17.57018554895714,4.382460693320704
119.0,2.844491532424896,-10.650724235729728,2.080591631216593,7.128406709307992
120.0,2.845062839149691,-8.54683797086821,-8.139370276376653,6.537838357766531
121.0,2.843961012567931,2.1769724925617955,6.143910191678897,7.7243183023909205
122.0,2.84722119044014,14.59107790035323,0.5919196228172984,5.8688529153959905
123.0,2.445145778439039,8.204353841902723,-14.98557727218087,4.451971916356784
124.0,1.9190751700856126,-4.869636365334875,22.14313958779615,2.6869490177883737
125.0,2.7861201086425504,2.2469957134279173,18.769775159557707,4.825065338355859
126.0,2.6499160144131335,14.996773152779795,9.929158988416706,4.9099185517298
127.0,1.4368969270862517,-22.00142299052111,9.22170885902951,0.0
128.0,2.844630096014075,-2.8204967174605313,-12.150349579296382,7.176306755157662
129.0,1.9491301267010086,-16.62070095429498,-9.655422967780229,1.9626715516470028
130.0,2.2140029254337064,-15.491119262278227,-10.632431741942874,3.594915841043636
131.0,1.5798977334014535,-17.30519351150714,-11.800623483086378,0.0
132.0,2.8494375652380275,-4.993910309010927,14.026014830082335,6.9755947618183916
133.0,2.847352266049772,-1.0515708658885456,-6.2027987092729555,7.983542793911773
134.0,2.8467098783251896,-7.703661242196091,-4.07171367361828,7.5654887187711
135.0,2.8463687978277923,2.4594624451531333,-8.851209320672487,7.523805991607487
136.0,2.8460795681198694,-11.431916943799209,7.543555975131399,5.8025569935368875
137.0,2.1336474868320776,6.430674305670603,19.588019904795775,3.392474920945855
138.0,2.0098553175660205,-19.754134891604448,-5.923169019985059,2.462370139381372
139.0,2.8463975818825467,0.9518479169247865,-8.317384283698873,7.955438597706876
140.0,2.56153577284353,17.291423041166468,-11.912827236640128,4.590260455657298
141.0,2.1396104676084597,-7.790170031526394,18.178272181112266,3.3274878939612926
142.0,2.702594660103417,15.548830825643844,-5.498885340694837,5.118666869371396
143.0,2.8454036327008088,-2.4316127949108695,-12.792187393141461,6.220412675194525
144.0,2.8482476381845068,-2.501974756800141,-5.951054841411462,7.761216091136402
145.0,2.5986132517021536,-15.741785268232075,-4.877792560803033,5.012490755529426
146.0,1.581141638296962,-23.139216100176746,9.336704916593977,0.8385654784201495
147.0,2.8479265030627263,-0.21160012537157843,2.9706998609383253,8.601622368661102
148.0,2.84756524603472,-1.186429075947637,12.140832680341815,7.257905629696123
149.0,2.8466787105036775,13.036182919708365,-2.189807937957675,6.961664697869631
150.0,1.8411684159467585,6.898257980124982,-21.479732721610063,1.6686672744382256
151.0,2.5763094370165893,-15.803238804192391,-8.946666321731108,4.774770440054058
152.0,2.8471433946156903,1.5064661643096933,-8.01702071013093,8.194292172633359
153.0,2.846777855930115,0.5093647074733302,9.795650111411241,7.833799611316693
154.0,2.8471663356290366,13.158392583772487,-5.463744349853285,5.891423159133136
155.0,2.0979497702181984,15.597420266155854,11.258303636397729,3.255130410509785
156.0,2.845488691571544,9.872883871425072,4.716344741999735,7.4253279629262625
157.0,2.8472211514406225,-9.032489629864067,6.669228313057711,7.220773771811467
158.0,2.8493395059085804,-11.666845605441015,-0.11626948219109776,6.79514348139973
159.0,1.9075497119329232,-8.400983911295139,-18.78840124365885,1.945803259923661
160.0,2.8493068605455765,6.752599660324738,-5.527123612623964,7.628851227341269
161.0,1.3645320752132526,-2.7107294462094433,26.15659110216441,0.0
162.0,2.8475921861288644,-9.225118086038451,7.097815233789673,7.012111902117603
163.0,2.850175827738311,-8.088657475507025,2.034052360910446,8.1985351897205
164.0,2.5080581852976316,-18.44482157689842,5.0880726331665,4.526091954546856
165.0,2.5153086743323505,3.1442267082994646,15.235382531128643,4.466506653225323
166.0,2.6967313336109506,-4.8931578698380145,-14.461059307036974,5.1299260938875815
167.0,2.84624131793074,-5.852719908941592,-2.9253590810332173,7.899894401127433
168.0,1.4304703342116636,8.955613549244044,-24.18603362709492,0.0
169.0,2.849697558069804,2.7487499731494074,4.131647166391264,8.218210142683672
170.0,1.4218000767026662,-8.300805212097293,24.392018092538876,0.7336748071865384
171.0,2.8466177562349353,5.91113546590872,3.708656270274353,8.19120967583494
172.0,2.8483419613136953,4.09599194709585,-2.295980733101546,8.440506098418071
173.0,2.848994915668612,10.457963164433826,4.944882869626508,7.514900039808493
174.0,2.850330613034748,-3.572896754525599,3.4626620934988006,8.528246056868516
175.0,2.845689807811547,1.7592875505615304,1.7202760462906943,8.493905093897846
176.0,2.848235349858568,-6.9944996342111745,3.9710840021134155,8.001423477612104
177.0,2.348320075628499,18.36157108501802,7.431146074932559,4.04268357971441
178.0,1.7059762087148223,-21.999105542334494,8.474994566769928,0.9614761888488038
179.0,2.60493254664525,-13.042488789920462,13.614891521672671,4.89918162400814
180.0,2.848421504688683,-9.524326126184109,-11.031952912298118,6.630896222793057
181.0,2.8469805980937,1.5706509918662215,-5.843012674469774,8.400110332420246
182.0,2.0451270567410123,-0.38902353993784916,22.40621474886248,2.748521402924376
183.0,2.830835989163628,-1.2586966946817124,-14.77778219929739,5.472074689499418
184.0,2.84815425159366,4.164788997165679,-3.202911770636298,8.227727573677964
185.0,2.845781202123529,14.452578941186706,-5.2837703169365815,5.600618122998603
186.0,2.8459694932367903,-3.45586842503011,-11.642709387367551,6.94856565219891
187.0,2.8488026936510322,-9.163846304206606,7.069815859260987,6.729092009423551
188.0,2.8455347992768116,-8.786968818660041,5.211416508152302,6.83013176852631
189.0,2.847112725516528,-5.956743052357968,14.372249957377626,6.457432564182534
190.0,2.8475407357095532,-8.643665507331587,-2.7945286975679418,8.132220679551125
191.0,2.847406337380833,-7.276083354830875,-9.834619006964843,6.207132891448963
192.0,2.2526358579346555,-20.34336300372163,4.219085123645114,3.6317332093873476
193.0,2.781987982178895,13.509870766442853,4.731271287747736,5.560419676814951
194.0,2.8479631066359907,10.83649874081132,6.59144117320926,6.763749050239712
195.0,2.8478757771328334,7.914918622335699,8.57894420420886,7.39711407448606
196.0,0.9718225710336024,20.803966561311665,14.080864431127603,0.0
197.0,2.846171487505284,3.2904128906491037,-2.049931525644574,8.524684981172197
198.0,1.526571081792705,9.849784961153036,21.48597155168525,0.964284686029856
199.0,2.848949311051538,5.035813890879178,0.505733752789033,8.371392031537598
200.0,2.8476036255032002,-3.364967299926379,-12.839186971365981,6.275002056578798
201.0,2.8490446009792887,1.4445975153119515,-5.227423055572078,8.432799091834498
202.0,2.8483427574634956,-3.477667922161095,-16.233808365180508,6.446089680967713
203.0,2.846272068553036,2.047233212783035,9.602947956491546,7.711092732623381
204.0,1.334052518377987,-19.592683582519616,14.40345673101138,0.0
205.0,2.812275212298578,16.695820535626147,0.5811004164311317,4.953230208638471
206.0,2.8478413264443563,13.741770989242406,6.099451594190132,6.628522134531581
207.0,1.8159356796507158,-15.484813193698148,12.980475181529656,1.538343570024357
208.0,1.301691630105515,-18.71235139514401,19.652618565915677,0.9009129485636292
209.0,2.84841352122756,-6.822889538889433,-1.5123396949316699,7.5981276390117785
210.0,2.8498924790124422,-2.966671813763912,6.464491086057572,8.282026650897148
211.0,2.7967283204420923,7.189366498790044,17.801321548136368,5.0213758079080195
212.0,1.61630099589276,-25.715022764427612,7.160330117553713,1.4473423732958897
213.0,2.848554050451933,9.611691987459013,3.3286591294907817,7.6358233782213425
214.0,2.8496255516663305,15.555485015990463,7.044880892138243,5.882087046379149
215.0,2.074972361672427,8.400134863550438,-20.522466720999915,3.1620488610241257
216.0,1.780516441072417,6.2692116553761075,22.34185721627265,2.207613484364625
217.0,2.446692131290112,-7.181616614645132,18.00428612701231,4.337624102327339
218.0,1.689238998568097,-1.9472090118277896,23.77317266981598,1.7310359498866021
219.0,1.4922613965798663,15.406278002253092,-21.677944789255044,0.22788307053423373
220.0,2.656098166768184,-15.07120452495876,9.158465976605013,5.061920344294864
221.0,2.849062994929072,10.538593947958493,7.173078824619961,6.729641647446627
222.0,2.8504119409598316,1.4386515172903638,14.06273802006342,6.051536724821193
223.0,2.157786160146963,-19.40033189831837,5.16405860428576,3.210050711294602
224.0,2.85048775496695,-0.5427165840802348,1.3809491615220797,8.543852237848492
225.0,2.84896654444044,13.277832849717763,8.82924110717045,6.265224940856478
226.0,2.1349724499225684,-11.249362384339623,14.52944047286391,3.2694767631666735
227.0,2.8486280771660595,-8.118409398742813,13.17902919197097,6.617259157907497
228.0,2.8492415502450443,7.488427340038665,6.458520327753372,7.561795554972852
229.0,2.848583969664866,-6.822171128012032,-1.8217102214616718,7.962589494544022
230.0,1.4692183636473108,-25.45897488320221,-9.091695238237145,0.0
231.0,1.5118721219531155,-1.8502268385193532,-20.60395797959426,0.0
232.0,2.8485477976532274,0.5564718469307126,-2.4701603245702675,8.603591402990984
233.0,2.8415253551735056,-4.076039017130193,12.947861842004016,5.8916892919373725
234.0,2.850237741312623,-8.801930345772758,-7.144207173423659,7.327814423489995
235.0,2.848670139556125,3.2832431477354236,-0.375683784883227,8.324966913984191
236.0,2.8488902776829272,6.382145553250886,5.349456004561693,7.5821993744332215
237.0,2.8498557757782548,5.0898669195847255,-3.8392492395762674,8.344712828005605
238.0,2.84824571563817,-2.955657547561939,15.418674563547162,6.291589422144197
239.0,1.4442227589587386,24.17781203368014,-7.303211662828623,0.3986748506500731
240.0,2.8497851200315707,1.8491829151504546,0.8502086812749015,8.559324271444812
241.0,2.847801995859143,-4.029832249357194,1.7429658157527155,8.374424394045702
242.0,2.8465114606508486,5.850286892030803,-9.20889048563669,7.342772763631553
243.0,1.4707421715203368,-21.298888010280617,5.77360843133091,0.0
244.0,2.849255077370562,8.700357315127906,-7.033351911889564,7.606477153203194
245.0,1.8274081734763086,8.25072912668645,-20.72858361857035,1.4795665672871163
246.0,2.1201035978241967,-18.335896369879418,-6.864899412129582,3.031006906005458
247.0,2.8484785050242443,-3.907203707697434,-1.5984989446502214,8.007875709523534
248.0,2.8481280154091806,10.886081374313239,4.025576367472448,7.661561765559523
249.0,2.8497005672912996,2.035392805516757,-1.967342679564057,8.534848384569578
250.0,1.7747456282191887,6.244860826257024,-22.814606398174945,1.3874117081796866
251.0,2.84869214873435,-7.240367797739088,0.08510329653462056,8.219211018942246
252.0,1.5621991363789898,24.600934640254863,2.617247753311589,0.5082488509690427
253.0,2.849403219790726,-4.572353302504775,-7.382092530433933,7.473920730629622
254.0,2.3606717287864507,-20.122820552071925,-4.360041233583348,4.063655979281158
255.0,2.380094406387021,14.821746057632238,10.611409782650197,4.219301613473996
256.0,2.8488426084614553,6.683625028157592,-5.0009878948037345,7.802945993354327
257.0,2.849673946686419,3.3786674270194545,-13.747808448461994,6.47217349376532
258.0,2.8517477028917537,0.14353882695558529,-10.817894921278134,7.681221007412119
259.0,2.8492068887457176,9.072679016533334,-8.57216966223724,6.293462444573473
260.0,2.8459256347317177,-1.0964896280250729,-13.24613302574824,7.505936813831141
261.0,2.848862512922603,-11.227418979584632,-8.598762080440052,6.593922348452004
262.0,2.8483581390990356,2.4625129459173984,-4.8738276511437215,8.526566190001448
263.0,2.846891001067093,-2.204457469916507,-15.348438433878876,5.805116319347471
264.0,2.847827558330338,2.922606863736597,-11.879376415817514,7.612577969029968
265.0,2.045737272428774,-11.069747836442195,16.877346048537156,3.0656415248144415
266.0,2.847411238706069,-16.224951954617477,-4.158809511495993,5.719463334412082
267.0,2.8487916452160134,11.621450244707585,4.878772561852274,7.220250151614613
268.0,2.100605889973323,7.140349591169578,18.72910992806866,3.145754849523087
269.0,1.9183806791249527,-7.7057659951561845,-21.85546151045472,2.2508130051709885
270.0,2.120210711885657,-21.126938843548672,-5.195823385828435,3.273141951109267
271.0,2.849395391333906,-7.644894622580829,4.007655898690207,8.250086850324509
272.0,1.9309027180386646,20.5531857525188,-7.487308693149309,2.8017353663983213
273.0,2.7694687834203275,5.988873955625355,16.996988346193188,4.976422163464087
274.0,2.849514772737917,-13.375853706388371,-2.1442216961394807,6.134905394492759
275.0,2.8487426452717193,11.048661178116243,5.931493424684325,7.128568868500586
276.0,2.721073861244838,16.244866751878643,-4.839569434532549,4.955292059210697
277.0,2.285445981517921,-16.735767459377016,-7.724783260171283,3.8354512477864864
278.0,2.849704809458607,-0.5080455144939023,6.213158051387736,8.012996810130044
279.0,1.4049610871478584,-8.021628556189906,-16.522645102862707,0.0
280.0,2.6979197871417155,-15.300458658693966,4.655945744320757,5.034851282432284
281.0,2.849891945797541,7.156296863682814,-0.598319563153101,8.049692662703443
282.0,2.849268708459878,15.913617167581892,-0.11066771120826481,5.771156341033141
283.0,2.849452248939819,14.037341713744112,2.1461739738299555,6.344042719906657
284.0,2.847172015460621,10.920637388529142,3.4994028501168595,6.602987379566201
285.0,2.849260699116286,6.426221139875001,7.249608659590038,6.993886077085922
286.0,2.849016624674403,-6.7940674197205455,-6.8735317126621265,7.592260597653597
287.0,2.849318620942005,-3.577955008464588,4.082762449414934,8.506883462010315
288.0,2.091959062277677,-14.937754188683561,-14.868722009634283,3.2668194657365053
289.0,1.630762154786419,-23.390085586361383,-1.052480160404959,0.0
290.0,2.8488835448453806,2.5690795674113724,17.71899188179557,5.625280631562737
291.0,2.8484272388923153,9.460709834043532,-13.200006301356924,6.659852066171095
292.0,2.849500703820101,3.250683685293846,5.8282889934383935,7.402017188507896
293.0,2.5562202784565553,-12.018903750408315,-16.769515177172604,4.650901806655041
294.0,1.6151973644887865,-18.23135803440405,-5.39374694039295,0.0
295.0,2.8436602372569717,5.830739967708019,-13.990930106937808,5.575965569400715
296.0,2.193883293373144,17.254854905372323,-12.763419112078886,3.8794894707210426
297.0,2.161607003651953,-19.78593429107371,-10.196808833509643,3.628048282643739
298.0,1.9822624618516809,-17.0718083902179,10.94428595557008,2.554036586238168
299.0,2.8489341813945117,-10.809412554208178,8.92429275400192,5.992783254165912
300.0,1.8439257696516098,-11.022683532404123,-18.105777780811053,1.5356606005507774
301.0,2.547112167241709,-16.719238171332886,3.7016574700140454,4.75655139181051
302.0,2.8475623711952465,-12.66329008930408,-7.349558966324398,6.946746027623682
303.0,2.847932495270351,3.381231018578998,1.4628416587023143,8.313265993773015
304.0,2.848454155687198,-3.6928149196887623,-3.912946472875422,7.998019103680809
305.0,1.4972562908984495,-19.94909859579576,-3.317001607398101,0.0
306.0,2.8482263163739603,3.931374099911229,8.743857248977344,6.522356902474543
307.0,2.848252369838731,3.2338778020080796,-0.5635491339177774,8.526276102011114
308.0,2.812601498132782,16.76334854298484,1.806178289131585,4.967727511360709
309.0,2.849286017360112,11.815709616270416,-3.0920951064922146,6.656222505835609
310.0,2.324742235582786,19.268117611034324,-0.18773485803538598,3.7633294616808066
311.0,2.8475429376281025,11.021542776718569,-5.752686309268105,7.078750115743979
312.0,2.8480143267064486,-1.617716752378814,-2.9664115466808254,8.707172766012656
313.0,2.847382201021714,-7.0071983992179625,-10.448787718170063,6.853368107763324
314.0,2.849213579306341,3.9354133087009773,2.972572920847471,8.136246070287214
315.0,2.848609853989874,13.332562678705827,6.181969183764767,5.690854777347316
316.0,2.369417803674992,3.0120182223765637,-17.236739973996432,3.9412392144547996
317.0,2.5332337809982937,1.850178367639926,-17.627875161694217,4.561707818722994
318.0,2.849253510633219,1.3499725989735476,13.129428428207842,6.614195373578849
319.0,2.8484577598914105,0.21469844823426132,1.9589279107150377,8.24963655422503
320.0,2.847135563495674,-0.3309978712033053,4.4917122432373855,8.56640729225141
321.0,2.8498041685996833,-10.560969518325347,2.1747408597851106,7.728306302599826
322.0,2.8476538230748214,12.196938033733925,1.960199879556314,6.986382038925512
323.0,2.849724621159319,1.9248593361590438,10.46887836006766,7.35068723473129
324.0,2.8483438539883124,2.210769599950943,0.7079017734653422,8.646638579159953
325.0,2.526458947546388,14.970782253753539,6.875119572734617,4.695734121275316
326.0,2.848366317411505,-3.35098405113344,-14.20529123865507,6.493343806261081
327.0,1.3892768847905088,2.9294278770312596,23.37757560205062,0.0
328.0,1.463179952412244,-14.817476363954793,-15.066476961903494,0.0
329.0,2.848138240671865,8.882718608296802,1.0768016394632998,8.045341796349074
330.0,2.2452431992239643,-11.632467309237935,15.908366629716362,3.8513756398110193
331.0,2.84860424496333,-0.8844674832256411,5.095884949492857,8.275430692729177
332.0,2.1344505138009584,11.697505570716338,16.759666773323687,3.5382945938751464
333.0,2.848257607868315,2.5550328580341226,9.922904872883635,6.656798583838445
334.0,2.8505915689319243,-6.3203460155130875,1.5788721156719905,8.407090279412124
335.0,2.848479563325535,-2.6644961260427227,9.594474930582118,7.762245983360507
336.0,1.6723474408568062,-6.822419304173703,22.44076350808164,1.5539233560798604
337.0,2.84852467328551,-1.8698576353498941,-1.2320553899443556,8.505540503460525
338.0,2.848958201335458,4.567569374604399,4.63061970987924,7.9771111769750105
339.0,2.827894733210837,-4.035038593720873,-16.202411689477962,5.47573728557128
340.0,2.09479292333652,-4.495155337038657,-20.471531880526932,3.046955097803482
341.0,2.848209398723039,9.23845571201872,-13.230528578348268,5.9307230814949525
342.0,2.6959417443599683,-8.659724011483382,15.955895581529587,5.1192276360566025
343.0,2.847079895723337,5.611996240401271,-0.8137755998553476,8.054457097853964
344.0,2.8490021020618563,4.72678204288018,-2.147344002151587,8.519394652441141
345.0,2.848147318645321,9.97207542294568,0.24188621616597017,7.3858941187701035
346.0,2.849487670143486,-6.848224701816913,2.966379732224962,7.87649182648519
347.0,2.8481581878600357,2.62745057530191,11.207228852982961,7.659590817051128
348.0,2.850063715201536,9.814185911175048,-11.417152183809414,6.500932204657121
349.0,2.8479231479905773,-1.8429710703920152,-13.546262110676247,7.106283003186877
350.0,2.848791334048621,-4.998962263064567,-3.887994416158779,8.472783269444562
351.0,1.6339291425309637,8.176565460563227,-24.372909130956096,0.9066822398773631
352.0,2.8454689654658645,11.976897181994037,13.071180198593074,6.0215475512181795
353.0,2.8495359690495894,1.2075187003233356,-3.9036398427968133,8.466881245238618
354.0,1.9189673763565944,3.6088871323454144,-25.019432045473177,2.741297715252241
355.0,2.848223612769146,-5.56438958450085,-3.246170570278779,7.806728066809966
356.0,2.1696445520567216,-5.651998156706976,-18.621513227682595,3.1979805103784993
357.0,2.848397067583776,6.405121294268405,-1.9920661329275207,8.408061111785585
358.0,1.9133252042787365,-17.021225243106958,-13.58690741140308,2.2508676089524156
359.0,2.8487160720481848,-11.429489724407855,12.375272607653809,5.845859869638621
360.0,2.0103943920854914,-20.191963355468992,-10.857489594477848,2.9943563004797866
361.0,1.370253493158722,17.313995811707905,17.2227036310521,0.0
362.0,1.3639876484737197,-19.15729690276599,9.785636034314146,0.0
363.0,2.2649012155112938,-8.922611099709407,17.87534664296579,3.7557956760867794
364.0,2.4186492728948985,-9.145320269375022,18.407499516266984,4.269376781593121
365.0,2.0122129432185627,10.003502788548769,-18.31009526890307,2.740329932531222
366.0,1.6007456404333225,-0.187999184832764,-24.624350951506056,0.0
367.0,2.8496520494725837,-8.277633770500222,12.190268557280932,6.5004768343511
368.0,2.848986068353174,-0.05288061545086134,-9.644472385865539,7.617102898053029
369.0,1.7066532277559083,-17.347228114158213,-13.860507599275694,0.6449559265332554
370.0,2.8480174118601447,1.3734005168144376,5.0148864180369,8.534530914362264
371.0,2.84693725799326,-11.49357658852653,3.5888682810330974,6.863417112722863
372.0,2.8472660280254,13.269151132397667,4.806357665072514,5.9837996747297355
373.0,2.8489616058054508,1.5772450927148391,0.2553830106142782,8.689484714811645
374.0,2.8486284832958777,-5.2776120330741305,-10.043058535111593,6.1030113466011935
375.0,2.849530893311996,-6.832594461321045,-2.5079377548242685,8.346712064586352
376.0,2.8501207886580295,-0.41168269078898956,12.76540299931608,6.377222388723461
377.0,2.84944598688658,-3.1428178007391536,8.244662037618644,7.485466717861764
378.0,2.4916420374030386,15.481522821898178,-12.15573570339745,4.601716373278043
379.0,2.8485811989890943,0.8841335372532654,3.854697899704046,8.349630796964668
380.0,2.135554386775579,21.088381018262556,7.6647755664245025,3.4889391905280362
381.0,2.8505059337881993,-0.2495638001140208,-6.8404529882491145,8.243394647611673
382.0,1.2937532499819815,-18.800824905309298,15.600399151381621,0.0
383.0,2.848918673043093,13.90912026996795,3.3955017875799904,6.130168155071024
384.0,2.8465701325032278,-10.178173461040798,1.2445271318277769,5.8709926940774535
385.0,2.850231957824331,14.137129838646933,-2.576605933593494,5.6801484535365985
386.0,2.848963368588703,6.7481713735001145,5.634698375379591,7.797448042842048
387.0,1.2837643716728782,18.818583520346024,17.67717107652705,0.0
388.0,1.85950726381582,-6.274385444759869,21.49177352307655,2.283757738509818
389.0,2.8476805028194425,4.684451701861282,-9.504101375903032,7.000713950423165
390.0,1.6917244814136445,-14.975769842267404,-20.50112611989234,1.9707047632615367
391.0,2.8494436837950023,9.427708975439378,-6.7133252723157275,6.3249152308436765
392.0,2.848449828484643,2.2585582564200015,13.993027921861195,6.158243473184738
393.0,1.4381572517205912,-18.17175790926666,-7.688457121896974,0.0
394.0,2.8480986548968423,4.353764300027059,11.695052159791208,7.273459006051899
395.0,2.8496641241386236,4.069265975325529,9.160423137746683,6.951767419059215
396.0,2.8479294710759864,-8.87178685889168,1.1589351933175236,7.831683357032152
397.0,2.8485672739150947,4.1318109825913,8.98771110178365,7.4834829727331424
398.0,2.8477233091045644,2.4023452692689014,-6.82191402924179,8.182773584132356
399.0,2.848512776037783,-3.8673005615103824,8.310450164439777,8.079951466721722
400.0,1.8128108924425161,-8.257393187058666,-20.274385663662223,1.2555691256145418
401.0,2.841370772589094,15.231468419091971,-8.26698054418529,5.458173012316041
402.0,2.12085262820948,13.658819805949403,13.995012535190043,3.3490629486597947
403.0,2.8491171519049248,-5.119324035686644,-13.615567575334817,6.204482414066723
404.0,2.850284846229633,6.004566719489356,-2.877647679690135,8.249607073039005
405.0,1.4983845348849292,1.1701042737364233,-23.64092674242808,0.0
406.0,2.848455194126992,6.322597229809196,5.025418196728358,7.947780653014311
407.0,2.8486080539875016,2.695655361915046,6.392595337623407,7.82469930133043
408.0,2.3196069227629486,11.869877706928104,-13.69923874982859,4.094416147285404
409.0,2.1668858491668335,15.00799852688685,-14.840900695230154,3.6511710000317747
410.0,2.8492875047693498,8.769294617231651,3.225340196853745,7.67051600044392
411.0,2.849554967295061,12.03519725657707,0.3714410326926582,6.908473830494361
412.0,2.849156659148281,-1.0495493863732182,15.666640958193847,6.487770439692045
413.0,2.715678399524736,4.179736243298966,15.220623734036073,5.014326052952304
414.0,2.8490611171714706,7.429904778760965,6.158557377923285,6.811143383532701
415.0,2.850706855081295,-15.910570834974488,0.8280593179331001,6.373886899597579
416.0,1.6941245976943133,7.637179964515579,21.09217022759784,1.4925923169556432
417.0,1.223952788116392,16.141828946636277,-24.809391701159047,0.0
418.0,1.4827234788363568,16.047488123805817,18.1147927439422,0.3775300399451041
419.0,2.6526535806127325,-5.154412902298083,-16.046790224578363,5.132103550915604
420.0,2.849275118918671,7.95809985769665,-4.053746400638218,7.701446428535063
421.0,2.8496255230394563,6.045741461609017,4.61596129119256,7.816890062676064
422.0,2.850028672371334,-6.252288136165392,3.918593563510656,8.333435146491867
423.0,2.8508065562287,-3.6861021865249564,-7.118917251091868,7.882590580796913
424.0,2.8243628312014812,13.870851941168832,-4.866661040036957,5.509326430022119
425.0,2.848900007376888,10.080917903097735,-4.339040236314212,7.175584588004938
426.0,2.848916894129388,17.797491502336342,1.0847537258146758,6.1724717924045995
427.0,2.848205925653267,-7.872798893574559,-9.778483143247604,6.37921829840357
428.0,2.8480084649870685,-2.009290717416464,17.806647514338238,5.1951320021191325
429.0,2.849938162270494,2.0060951002751395,8.132006523072997,8.013688859026345
430.0,1.8122096934680583,-16.107019442190502,16.710884990880142,2.3936538621258245
431.0,2.849412185553027,8.182612991278425,-9.738435378924585,6.618129893461263
432.0,2.8484267633632805,0.8710365872743606,0.9240283236162296,8.661742750390255
433.0,2.8495165637014783,3.788617132123489,-8.284046228307544,7.783237001611788
434.0,1.552306385372925,-18.475474866779198,13.977066823649983,0.5924367201468932
435.0,2.8498921259409653,-0.13637822013929082,13.944931291693853,6.083255749595495
436.0,2.847201758450729,4.5881678799154715,5.011747600495814,8.025821633211226
437.0,2.8474547302541007,-5.9972769291081995,-0.202332908790681,7.903379953828779
438.0,2.7905715020442354,0.42612410829879344,-13.306123961184458,5.596319952863166
439.0,2.8488041837452505,2.395277518917564,7.716957441839506,7.386530751589777
440.0,2.849435911327858,0.12591058947737682,-5.991093325075659,7.996307687260162
441.0,1.4472136402809948,-5.744684732262887,22.0315022502654,0.0
442.0,2.634877191217047,-17.912208529911382,0.5334988313428883,4.918880561192178
443.0,2.849455453487541,7.6945818461139,3.294283800256364,7.876103329733645
444.0,2.8479519043224353,-10.055557971765595,3.0137899013945844,6.967673062861775
445.0,2.8483685958786817,11.04801481910254,-15.93340385146465,5.898945420895798
446.0,2.846430320901425,-12.427221615634448,7.752169621329958,5.8076472187804615
447.0,2.6073508053967904,-16.298740076999195,3.8295752963377008,4.855956445233071
448.0,2.8477311690025746,-12.316577333420112,8.683617944057747,6.420432163349464
449.0,2.573998133096706,4.309952939647039,-17.752211176369624,4.815175915221295
450.0,2.8484705993432833,5.799322050385449,-2.55331969544158,8.256197450839615
451.0,2.701478064095709,-16.737109019476126,9.040952581964065,5.050691770822376
452.0,2.8486460401520306,2.7182756199974647,-11.16584054493648,7.232226872390337
453.0,1.9321713336006463,-4.058973499077287,21.42927567590113,2.44507896738914
454.0,2.84980955715238,8.353444065988517,-1.8819025510755327,7.580717197418711
455.0,2.8467221619618996,4.337334446847996,10.329245956513786,7.190140325448236
456.0,2.847525541938731,5.845656255001533,-3.8875119826747535,7.74256097476826
457.0,2.8496844031500066,10.414338291850855,1.8799433110352575,7.617414808600442
458.0,2.3356755819906785,-2.3241998180228425,-17.830769633726447,3.812933383945949
459.0,1.8926674349676915,-3.4712749679414823,23.016788795037954,2.476763437939244
460.0,2.5229717210740565,19.687700933285644,0.8561171301116797,4.284924308313898
461.0,2.84713069521734,-8.17731571395463,-8.576864294029699,7.287707808371667
462.0,2.8434032514605283,-0.6716804440922822,-16.474324744912003,5.348253655044268
463.0,2.7217390667275496,15.649167247196742,5.5777277500802205,5.076487608221731
464.0,2.848981131048404,9.142075781531545,0.17496129717196682,7.841349333160563
465.0,2.8483676236105953,-18.128351327140432,2.6519417056279138,5.62395372137998
466.0,1.4564840447105283,14.277378103599418,-22.94389309031656,0.10744414942782013
467.0,1.821292242569072,-20.617610485283343,-8.826388570936821,1.6003849458203248
468.0,2.8484809536267695,13.041876523795144,0.2089007274344319,7.111240922587299
469.0,2.8475381521329846,16.780071206397977,-0.7931497492931643,5.682515119599686
470.0,1.3550799302155447,-17.973685539102473,14.009527121942371,0.0
471.0,2.849073648796962,10.987043023576202,-0.4394914072349385,7.184264797685206
472.0,2.5057798362452006,-16.025054814609273,-3.5044733127645538,4.630247899551747
473.0,2.849063280348127,9.532252375434293,-5.142061303809276,7.365785389181497
474.0,1.9080820104523313,0.6992131225261428,23.123284835001844,2.3006281159615365
475.0,2.850203144701735,1.357301548349396,0.19459295595149959,8.65514236244877
476.0,1.4852670757888835,-19.047836268148025,-15.273563163541871,0.0
477.0,2.290986140902584,-9.034141621562686,19.86122869411271,3.9587241628679353
478.0,2.8406042093277275,6.1712606661921905,-13.543264754839704,5.498326979011533
479.0,2.6713230203144867,-7.071827513629547,16.657198989942277,4.893158551074575
480.0,2.2775900799486255,7.808197753643336,18.96475492273809,3.9120770312124837
481.0,2.8478420450753874,0.1782893769553014,15.28655029541481,6.343286873513248
482.0,2.8502039794417944,8.824689141076108,2.4460386460755097,7.344694560622475
483.0,2.849651937909761,-8.979658000286154,4.818272271092711,7.470359320393392
484.0,2.8478019372461794,-3.1644571697724544,-10.003823860838034,7.869143292351965
485.0,1.4854697867764717,17.306808734117418,16.37167567029325,0.27860791486475295
486.0,1.8264695984022687,13.313010716429005,-15.986646095347336,1.6259428250354504
487.0,2.8481395882999405,13.779448542210783,1.2919624386607058,6.337054577308995
488.0,2.850701164062013,-10.685521916894928,8.591787752257387,7.190181664204488
489.0,2.849537875399437,11.070849870013369,-1.9524754477814976,7.303072972556332
490.0,2.8483937416999185,11.608500250401567,-2.574032580965345,6.69823447460644
491.0,2.849361148850672,5.255498899591689,6.013395219544872,6.600417898337316
492.0,2.848393229710629,-16.55877733484505,-2.900272053237603,6.721930620660968
493.0,2.847530015127822,-3.158377165356486,-15.724871354485638,5.8460958768724245
494.0,2.8495995556763707,-8.854633961709354,-6.875293155121666,6.796863621286843
495.0,2.8482704043884497,5.882532615527531,8.064220202252383,7.486101532420872
496.0,2.0705826960759843,-0.3773778865263594,21.250393928154985,2.746887664677642
497.0,2.84807082955603,2.287597184553142,4.775563782235335,8.41308812519346
498.0,2.846764495972403,8.827949351031892,14.335015394291418,6.418665407305023
499.0,2.8486053388267076,8.123179468232161,-2.737267309999198,8.141487710814006
500.0,2.2523907186114505,9.915340155502111,18.535546133486662,3.8497037059638304
501.0,2.8163133749754232,-15.186902765215642,10.511790514284096,5.2334859438316395
502.0,2.4196297694153337,-6.481307844920247,-15.17736737013006,4.292125839443203
503.0,2.849780157424417,9.112716619062322,3.934479339292414,7.129324332401421
504.0,2.84803072351147,-8.167208614399742,-8.828604402030589,7.3979649248446435
505.0,2.8492585785363387,-1.214728996413946,-5.012777919333178,8.166049662366555
506.0,2.847856548478034,15.94031394495318,2.390998801815896,6.530030064279567
507.0,1.4978594713147961,-19.105734246231716,7.814820271043871,0.0
508.0,2.8189780422490944,3.0097275379482555,-13.105451242878429,5.618084887328831
509.0,1.8770378402826342,16.48090531087738,16.21119630246644,2.918743363714861
510.0,2.848533724516807,-8.324939051890137,-2.087468314462802,7.913271950852869
511.0,2.8494059000315777,11.41916988659886,3.4641169478922347,6.931636199562969
512.0,2.8396447075860216,17.633727153023994,-6.186016472662636,5.231159082019833
513.0,2.8497098430611167,13.555077790801052,7.077531774210101,6.784390920138621
514.0,2.8487640685357714,11.08761955208474,-8.862729901952621,7.090389259857726
515.0,2.8489510554314528,-7.029416946963336,5.629147999410697,5.992894326581637
516.0,2.848502005074709,-3.622313479805343,3.279275693737528,8.098603265672873
517.0,2.8491229353009264,5.78598903916183,-7.494113218278604,7.710879696549759
518.0,2.84604742846561,-1.4028303276070258,7.394344570391654,8.20294325487318
519.0,1.3971021291415038,-17.76306805924327,18.164600140834956,0.6405227695838139
520.0,1.4323251410830706,-18.710072492616096,-12.72724724890303,0.0
521.0,2.0910754587391684,-6.42695615254997,-19.70666895388201,2.8869343723287617
522.0,2.8486288352164695,-3.569051460940241,-3.3983669256429794,8.536457895352383
523.0,2.8487720441275592,-3.235529857693832,9.243489234767086,7.752495464228479
524.0,2.8493420380293286,4.4845799890073526,-9.77383356819072,7.19538810193469
525.0,2.8002788678781405,-12.641070818764316,-1.4141482610998077,5.603147473706921
526.0,2.848085658177652,-0.2136713424190717,4.046954671663013,8.273323413000252
527.0,2.502921389781006,18.15414345260542,6.771759020474824,4.366062304425056
528.0,2.850043496659188,-12.904736807992995,-3.1304857713918284,6.561313150313505
529.0,2.84869828825729,-4.949055137539546,-1.5324857119008335,8.33865200268388
530.0,1.6704041950117978,15.45337854463424,-18.99557418973944,1.2069835169252816
531.0,2.753145512321318,-18.675088600523917,0.15141917856107032,4.851281823501809
532.0,2.8483830170946955,-3.3056359106006044,13.917860118983706,6.59463574571984
533.0,2.8505807060318253,6.94686495707322,-1.6361803683897944,8.367485243467646
534.0,1.388296849196268,10.202137033322552,-23.350260811302093,0.0
535.0,1.780346331291815,5.839021066914487,23.15532176730232,2.012587727771494
536.0,2.5587104697901184,1.1441865377402758,-17.227576801524798,4.61592413000835
537.0,2.0047133930620484,21.94755631814855,0.38756615178653214,2.6138757581991205
538.0,2.84879318373571,-9.668844191760344,-8.32153324522629,6.645793013762672
539.0,1.5314978610784369,-18.6458373622151,-18.36054820633892,1.4140552184200659
540.0,1.5017583732499025,-13.440883471267336,-14.44419343781287,0.0
541.0,2.849229616521819,4.410115079817615,9.053370721934975,7.852525386669245
542.0,2.10538275588626,-18.67709175082643,-5.873376891609171,2.9353909486308933
543.0,2.3174544702111244,-5.670634920730312,-16.935183508786587,3.9234994050858996
544.0,2.8492189936403127,3.461213331668549,7.282593413420326,7.840837182524428
545.0,1.5890441290358954,8.150390754492253,-23.608430111672668,0.16520321528420273
546.0,1.8637706456408754,-12.747400106907733,18.813413718809013,2.628367214769094
547.0,1.569280120487194,-25.89738671104526,4.944571218549914,0.5160564290954436
548.0,2.8473067551008087,-1.7945996976859426,4.520979444488703,8.550212373865582
549.0,2.846245974464917,6.931626150786128,15.027729791834915,5.609585564536255
550.0,1.3760564180896488,-21.168626746355674,12.420989802267718,0.0
551.0,2.8500692513936103,-8.386599260361347,-7.158066299138831,7.02955262935513
552.0,1.8819866791873427,2.795182293592517,-22.753162253643332,1.6760119440395498
553.0,2.1215653862583945,-21.423399602890573,-7.692621615229568,3.331016464411974
554.0,2.8478023047705907,0.5101094488511281,0.46254654198729395,8.45581004486956
555.0,2.850369730632349,7.613573168058201,-2.3817310223790664,7.978591293042594
556.0,2.848764281067839,3.677144419021232,12.255199951920941,6.768261430006949
557.0,2.848907179065977,-12.274144805298356,10.065667318394885,6.54505432170268
558.0,2.848798692880873,-11.783788829442177,-2.7397137172922643,6.935330950468035
559.0,2.8487395500170356,2.9413298444486253,-1.76837992616627,8.350230056846057
560.0,1.4277257649634052,-14.780463562676566,-17.84677475501608,0.0
561.0,2.8495201312591556,-6.820773298975589,10.494212946158186,7.534596395930722
562.0,2.8488933570258137,-0.30687341139756213,4.520737668798485,8.55836729699722
563.0,1.6330847369897503,1.918260943420353,-21.970074129891746,0.0
564.0,2.8491838891530334,13.134256385806633,7.707832672426921,5.881716000224159
565.0,2.848028949139072,5.897193336099749,-0.038160767786346396,8.27961926050741
566.0,2.8081761207939406,19.081657697979626,0.025716792649555006,4.811241728519273
567.0,2.850215874306409,-7.017680511755217,-9.181678771536468,6.899262330220168
568.0,2.8500500170671166,15.800245456726188,2.611638447825671,6.087374688466701
569.0,2.8500268764207948,5.975749461376417,2.1654795191489966,8.40295463431635
570.0,2.267212893776256,3.859750176816522,-18.908487050978337,3.5815029275299604
571.0,1.6075795088333438,-22.97771188996726,6.401009858526568,0.0
572.0,2.8453906941142213,9.77196165561794,12.515708509989027,5.479201050394736
573.0,2.8495060688411584,-0.4896843054541479,0.29298476553814873,8.439364844095673
574.0,2.849748929681963,-6.181670895317929,7.82332980460177,7.1837512125891765
575.0,2.847787487516718,-9.510246124863711,-3.8355659973427887,7.725154753954304
576.0,1.3760141958264132,24.743238360327947,6.635406291494739,0.0
577.0,2.8489578591248663,-0.10354075882748633,-4.8173007291305305,8.096707442521273
578.0,2.850578037313256,12.66340157555444,-9.5615177188681,6.269211065042811
579.0,1.4985064176645189,18.725467457775054,-10.924782480237777,0.0
580.0,2.8067968185498424,4.767138523128733,16.604029287399356,5.066900888670754
581.0,1.3794722438230373,2.6040927470814017,24.57490819542072,0.0
582.0,2.846276054249624,-5.058793256140874,9.925106283701817,7.544434578269237
583.0,1.8419736527866788,16.22661225075479,13.04362077629218,2.03152061905273
584.0,2.849028394800253,1.9718427577708673,0.004701219446418733,8.683129441008601
585.0,2.3963505934878433,18.922626845947427,-7.490108927706062,4.117031597178456
586.0,1.4838206210043312,-8.486442898432399,21.2168766822782,0.0
587.0,2.8477081118323553,-0.5444400094931636,-4.096371936908935,8.450211225835188
588.0,2.848113565134464,-4.710817957855828,0.2095634743782572,8.471048296128007
589.0,2.848320023002122,11.531825453068329,6.3202266408398025,6.202158520681205
590.0,2.8484954809799583,-1.099346192610156,-5.613971517345002,8.12979484667004
591.0,2.783167122950277,-15.026243582497395,-3.71717618010887,5.334033023543283
592.0,2.8501442789140303,0.6723326395872008,2.613524467581601,8.370764798898772
593.0,1.570692633357773,-13.492187514587139,-22.60841714976754,0.3911564372991765
594.0,2.8446339783349415,-15.028080681894544,-1.8192032271114036,5.778098386061618
595.0,2.847716253306671,-10.471302613368483,-11.952077580836345,6.807159200356661
596.0,2.268968344072359,13.075539320153412,-12.578558559072114,3.812362290758111
597.0,2.847232040446303,3.200578020115525,-15.698142005726641,5.764664131779974
598.0,2.8479818240796977,2.1280723860690087,12.833194874402752,6.883914269499353
599.0,2.8481829528148626,-3.569703651111882,10.248707692805315,7.376083155190259
600.0,2.8485993772708533,9.275065656105252,1.5346694110861545,7.8912355656178805
601.0,2.8499982535520507,-6.358032411077138,5.935072195652392,7.9261943444295415
602.0,2.1941054037240915,-24.213625343840228,-2.7425356612195833,3.461941032388503
603.0,1.447209103858914,-13.463782630805817,-18.00649215940061,0.0
604.0,2.8494188030210434,5.208000132934732,-5.913572870386515,8.111495422667888
605.0,1.4124749140291726,3.973723941160686,-20.662176230396135,0.0
606.0,2.848889517511825,3.3788581846661065,-0.396350621588658,8.506124061539046
607.0,2.8486943710969084,-11.752642429257701,-0.5549548244877394,7.2257060047770825
608.0,2.8505203172379985,11.956835206982344,7.705758637403115,6.122492662128852
609.0,2.0577804365182386,22.003866494146223,1.0615797884999976,2.87887430775253
610.0,2.8478788965526256,-12.973055404853044,8.319977535923613,6.081819196408258
611.0,2.8504287796955423,-11.175556421645341,1.8255159707264916,7.04597986041282
612.0,2.8490713407186243,-0.19167349186102453,1.5938316607027856,8.741219669178749
613.0,2.8505207023739763,8.489453658735728,1.8654209493460325,7.234270478926394
614.0,2.184284458995424,-14.992298535301707,-11.20711260513732,3.4513557754571424
615.0,1.523122135366864,-9.272959422866233,-21.43090621285265,0.0
616.0,2.812601496253534,-13.709799276002249,2.3925154387757677,5.662062836928316
617.0,2.3477863546671056,-13.29019868321032,-14.768295222725104,4.191373202630595
618.0,2.8468223776868657,8.377160526179496,12.610934530616746,5.672708748110053
619.0,2.849135233779415,12.438215629426333,-1.2304713552285802,6.789539471931896
620.0,2.8497232001033606,3.3351880191093444,-3.720899895598176,7.692327051733801
621.0,2.8462311435662357,-14.965391927819242,4.17548356109458,5.53725018733093
622.0,2.8484904387913654,1.104134965822469,-0.6973967804496667,8.583370708561226
623.0,2.6368267632928495,-1.7185267505032888,-17.05538144605662,4.948523272178489
624.0,1.8339086242356821,19.206519892810316,11.062012997841666,2.374311882032145
625.0,2.849456132826229,-3.5285797801397134,-7.6822749049331325,7.099470668109731
626.0,1.541770112632235,6.0242973921731915,23.499495102560694,0.5457843683195496
627.0,2.8489633139545547,6.125903668827941,-2.7005654532309267,8.33024546543017
628.0,2.849810307053396,11.36459102950936,4.812834743012012,6.661864841617013
629.0,2.8484159850950026,2.562221889873979,-9.93383265789022,7.833045047923483
630.0,2.8502782668584947,-2.5606937359519693,-9.587361865958286,7.176042069800167
631.0,2.774776005802709,3.8462236337012685,-14.931802986193935,5.334042370305484
632.0,2.846982988581498,6.318879743938986,4.088410715739764,8.280285218356703
633.0,1.9630612916204464,-16.642752057014416,-13.282099307181289,2.614933185253754
634.0,1.5378309580034424,-9.505604022435055,-24.25840454380598,0.0
635.0,2.1072078609838996,15.502179278116241,-15.450481343941863,3.549590816725966
636.0,2.8479212852497584,14.510880385802322,6.5448355962586096,6.338481108762354
637.0,2.4220367071772055,-14.550109131490773,7.0719037413514725,4.376638028372325
638.0,2.8502988228100756,-0.7938334954529668,8.456479127650702,8.106879203558691
639.0,2.8499710738389386,5.545039597546149,-10.209176738269342,6.632039397951551
640.0,2.8485711766790454,6.704257694908416,8.17467424766215,7.850277562554522
641.0,2.579482227389495,-19.192017562515034,2.1592569897819507,4.704767695327772
642.0,2.8458599040413537,8.99283798979971,12.564317826985883,5.480066248148816
643.0,2.8482718695164744,-4.112326015717543,16.223404805948597,5.615073752887369
644.0,2.555761609303719,16.06176372221761,10.074943910893168,4.594369706095754
645.0,2.8478699074312415,-3.251257661665712,11.967136375034205,6.88899550598404
646.0,2.643713455185602,-16.46045655350733,-6.640380963557558,4.9204394551675605
647.0,2.848463755900148,-7.473353683717392,3.2029880429607225,7.346357389597052
648.0,1.1941481158522314,-31.331494311387402,-4.697516099723492,0.0
649.0,2.848925770095013,8.552608683580159,8.446181290246711,6.398419838608377
650.0,2.849319289596661,-14.930584560886064,12.326088604014858,5.562640181740339
651.0,2.7924552116594796,-15.898630484746251,4.49729052292937,5.253857421190068
652.0,2.8494476702298925,-2.366816820399517,-11.421178326475104,6.9863645745207625
653.0,1.533419417022204,20.920560445482682,-11.076454085813237,0.0
654.0,2.4590207076987336,-15.389817709358582,3.317304684306357,4.456185131007738
655.0,2.8481219226102787,10.712996209372916,-1.688921424149584,7.813963868827162
656.0,1.6049596610418557,-16.51151208774814,-17.773725263260175,0.6066451673930895
657.0,2.8492807012945067,2.211084197354726,-9.865279102999946,7.630465727493709
658.0,2.624723603097076,8.25175016819393,-14.692541890622627,5.06008948121775
659.0,2.2224821634300165,8.862027357886934,-13.728887456964618,3.454727318683956
660.0,1.4818668993910502,4.430744050798146,-24.766529443405464,0.0
661.0,2.8484294071467002,-9.825562241505212,2.521286138288758,7.749124156986582
662.0,1.4333897814244563,-14.608501381191127,-22.969150917887784,0.0
663.0,2.8493169341805036,4.74845456183028,4.209453828162924,7.962185461052333
664.0,1.9621203190956302,-7.041159689423895,-21.705883606997745,2.4968212195013746
665.0,2.7343345610978185,1.381703860380638,-12.861050978778186,5.364157847184403
666.0,1.4423119451386681,-19.360010774556457,7.448784448127029,0.0
667.0,2.847776535941618,4.001481737229078,-13.785039253998264,6.066949713404468
668.0,2.8184489836743194,-6.8251193107769526,13.207270015176757,5.354718380248731
669.0,2.8472393834974214,-6.7128949892502705,7.255550097799657,7.470506700895182
670.0,2.848891002320359,2.7666639719640616,2.0178765236332286,8.545961252243968
671.0,2.844860725908383,-4.68962173808638,17.02989252641551,5.295888986325716
672.0,2.2171738789390845,-20.64146573271806,0.5896157701888338,3.3241115740385023
673.0,2.8481922780509437,-11.88267124859738,7.703250476188886,7.16922242540264
674.0,2.8496688492410236,6.432610601259755,0.4591997908877796,8.237919714347047
675.0,2.847885390571657,1.3197340141538372,2.5847223386511566,8.528117926383613
676.0,2.5397179944777575,-16.113445204966528,3.7937532488023726,4.7609261462123245
677.0,2.789876650726667,-10.330350550161418,-13.907055595873668,5.459508765388928
678.0,2.847917051127541,11.658153279581134,2.8578480974065656,7.380895293415498
679.0,2.1374391025658066,15.833827418324255,-8.346110835351862,3.251544716730756
680.0,2.8494390319441383,4.224922907297628,-3.087874602788602,8.349065240104217
681.0,2.84825175735248,1.0025409206329523,-4.324670116235198,8.492029878787429
682.0,2.8506733435798317,1.04422376897066,5.873138269509937,8.401354122853519
683.0,2.1856529595246204,-13.326365005798445,-14.537542133354659,3.5581632520499125
684.0,2.850794921111599,-1.2574941365405352,-5.235512329001739,8.309227248725183
685.0,2.8470132881713903,-8.57283232214519,5.553523124250791,7.174515445445954
686.0,2.84803386760964,-8.819889567520876,4.266031579226397,7.847818917957038
687.0,2.848324239869741,-0.28194769370967265,17.775124163939616,5.765825675002108
688.0,2.849770288901228,-8.06524078043288,-4.622131577883611,7.42256485036693
689.0,2.8482283357862435,10.638033084762418,5.729265571105198,7.1967597658743285
690.0,1.3819757793351721,21.195773470917327,-16.463225737740462,0.7068072878039741
691.0,2.848050046964425,-0.33603846752788596,11.56175344552191,7.532858968850641
692.0,2.135658087929668,-18.574748268227836,6.031128860180137,3.193421152081122
693.0,2.187245698495115,-6.519262636418965,-17.439018303935864,3.3331328788410852
694.0,2.848336262411575,15.33689591109245,4.676630140592404,6.370304134329654
695.0,2.4123749312210334,-15.042894768386997,-7.894012876496948,4.4041679213599
696.0,2.8518974851925627,8.737971563669834,6.613546744561376,7.065070173335435
697.0,2.848927164911432,-1.836988281683676,13.755994818122073,5.946756354288342
698.0,1.828960669662438,16.798778104232348,-13.566985164635536,1.739576465178977
699.0,2.062408053239419,18.78758524913087,9.471658303628063,3.225721822759921
700.0,2.8489507986142164,-2.953402651078864,-0.03994500264589777,8.689362227170678
701.0,1.749022242578206,19.97655605227281,-11.81361663738944,1.7025846408730971
702.0,2.8493183987916675,-5.586586604782217,-8.888499361641024,6.713961826862182
703.0,1.5357013620158593,-5.964576142750992,20.461152076622348,0.0
704.0,2.799060333540209,9.826932661560775,-6.327949082804048,5.713029499478427
705.0,2.774779579865544,-15.927679730626766,8.363315169615568,5.331715140602216
706.0,2.0463060757908593,9.766113705393181,-15.86692110384944,2.597311239952196
707.0,2.8504185566334312,-6.83335692867952,9.073367094416616,6.505073146458895
708.0,1.903934114251624,10.082285644437935,-20.492228443178597,2.2709958806317623
709.0,2.8499073139768782,9.223506060582023,2.007615599241883,7.664575079868423
710.0,1.9518662699158245,2.4323972211222027,20.83798097360474,2.2225125241229797
711.0,2.8487482755170674,-1.172776922211935,-6.617918066115191,8.010871307764173
712.0,2.8497099180420826,-0.6523809707124885,-5.043980759741195,8.054189552263718
713.0,2.8479581694146097,15.017172611038133,-4.140628006646927,6.023991027184592
714.0,2.84830065195112,10.26382820384827,3.924451997208919,7.156095721762326
715.0,2.8480629519548812,2.38888189536699,8.208771080934417,7.829940402930029
716.0,2.296945273933411,0.4087756110112943,-21.548725050018437,3.600107041762646
717.0,2.8154648771902853,13.78424056496605,-10.696947177840014,5.460925928638606
718.0,2.849096969927394,4.71292625485861,-5.163362739626295,8.069710032967885
719.0,2.8461053756921424,16.860884649166433,-4.258214371306828,5.420878215989774
720.0,2.6689800456651755,11.955475690089198,13.140241184844834,5.040480789262954
721.0,2.5694947852546357,6.0004121349193404,18.513458985654577,4.3273932367970565
722.0,2.849038330128632,9.91228354582333,-3.528872971027832,7.55878026242151
723.0,2.847776333092117,-14.358897282299049,-2.6113335755966385,6.021078961951455
724.0,2.2900045532211473,14.87425655365387,13.142190856058855,4.046353402562442
725.0,1.4140338288992689,-13.934610505354025,-12.921582444636547,0.0
726.0,1.4838419261713427,18.623004285475847,-17.14331642283014,0.0
727.0,2.161762834716775,19.49990161854321,-1.9866467597468014,3.1652560317094656
728.0,2.849950119791263,-15.859894720937973,-3.1514384289320034,6.040101343724168
729.0,2.848575134353751,-9.178236882861594,-7.542325989902127,7.076316688839666
730.0,2.8484610206618575,13.061463567126333,5.504025474271115,6.562185680675235
731.0,2.210177996366181,-16.366304754114935,-7.3126484337166175,3.4466088008001865
732.0,1.2901012151550628,13.559865097578388,19.079528066320012,0.0
733.0,2.8486567810262224,-1.026801412749314,-12.948657085164632,6.6199698505439635
734.0,2.8508694396868806,-7.410916341048547,11.095117746628539,7.424012463792971
735.0,2.8480266031123955,8.320552446442804,-6.583661251068353,6.53355732987592
736.0,1.6466893754657181,-18.75621483819246,14.307981294979948,1.2363544344269488
737.0,2.847339828123612,-1.8372561887241023,0.23197719912152995,8.617019411349268
738.0,2.0615874141207122,-22.920839055299236,-6.838979933723422,3.1798284760193964
739.0,2.6717443268474526,-13.122918871026897,-8.268895455770583,5.370082170966589
740.0,2.330112624491607,5.017727390061664,-17.84001040857921,3.8829067828751462
741.0,2.1043119066315548,-18.817514279009114,1.2488603118472819,2.6444049304282635
742.0,2.847497578985021,7.495984012013601,-8.459629665131844,7.277405429384325
743.0,1.9982541751643728,-17.143622336960505,13.61504023061184,3.0943354785030484
744.0,1.4237715589556135,0.4023344718689944,-21.68831300104783,0.0
745.0,2.847959945457388,0.004176403425779095,-2.27209705400377,8.60221847839896
746.0,2.84954899595894,1.5885914249494852,6.580527085009049,8.214191867998991
747.0,2.441046870436019,13.12000048972323,-11.429286460580418,4.457883841913377
748.0,2.8492018929845964,5.611422769810622,0.33116789866844987,8.541665850399218
749.0,2.8498758496147962,-10.714318408408309,8.110455255395154,6.577008548493754
750.0,2.848606263756497,8.524003268024705,-11.982095429124582,6.145915220519304
751.0,2.850022747933453,-13.093294622113598,-4.656325487238771,6.199759529141033
752.0,2.849837817240791,-12.592872591061264,-4.804036642622286,7.550308473587484
753.0,2.6393544023143765,2.562382681125122,13.353744223802439,4.901677888085049
754.0,2.8485668673229005,5.262810090741932,-1.3445442366103548,8.0522293309614
755.0,2.8474143942701957,-0.39785514198709404,-16.51516933267642,6.865328063510033
756.0,2.8499196634140764,5.330853227047014,4.824575701149398,7.59277596259471
757.0,1.7203527779997707,-18.689840191081455,13.231734455309757,1.5543138537749863
758.0,1.4671739220805802,-1.400743794197953,24.809732396460955,0.13454067484895768
759.0,2.8486268817314646,-6.980307783992313,2.3366252600803112,8.341033925067329
760.0,2.273973182675968,18.404825751690648,-0.03930047664787506,3.5762058604969207
761.0,2.8469572887248518,8.15052240085783,0.3341713529527766,7.05796243992547
762.0,2.8486196702440316,-8.125725072407809,5.96742779237466,7.649895271263276
763.0,2.847281870475576,7.694877828170309,-9.412578441746565,6.49054105632943
764.0,2.849333602804759,-7.1312760229113135,0.903998667084538,7.737353272502372
765.0,2.8491267421408146,10.722302003371222,3.380961760146713,7.004990298728628
766.0,2.8489455391257743,-6.107189945472906,-1.9645216761554998,8.28407982993105
767.0,2.8490299712930134,-0.3092341401461724,-10.45938024443703,6.703147149484177
768.0,2.8462831613847657,-3.071287031922147,12.723149759660421,7.018142983315503
769.0,1.5536111605940357,-19.713453973001858,-15.926294110061162,0.31271673755039303
770.0,2.4547391607211133,-17.339221323467104,1.2225514941800002,4.258940898857092
771.0,2.850656629495692,-4.7225657603720315,-0.1605408263530545,8.547898322458202
772.0,2.387624428849271,0.2359030369349267,-17.052086938992158,3.935840214686092
773.0,2.7276849485021977,-12.03791548980801,-11.105038854981707,5.3649233082454355
774.0,2.1720536176166263,-9.968821601293229,14.674777058768832,3.3748374778043493
775.0,2.849168722254311,4.9460921500891875,14.497425616151768,6.388181919879851
776.0,2.285309811756343,19.675178405748575,-3.131824766466135,3.6702324248807447
777.0,2.1661829290511387,12.33813332295753,15.821992039331024,3.583164547704107
778.0,2.8496098728056767,-0.5340328572485509,-10.72014961741101,7.844072194890034
779.0,2.8495510096439296,10.241532179725654,14.345305169413246,6.078861508046159
780.0,1.9762298209569533,-2.9126060169733625,-21.360268740965328,2.1165197234914825
781.0,2.847786173644308,-1.9557075369829675,-12.288906413538609,6.903641860322992
782.0,1.5993894355247824,-8.31661602504106,-20.93831338510052,0.0
783.0,1.7929672366268303,21.424722988165925,-9.100787180172993,2.289216635789134
784.0,1.454857114331876,0.7829596001603477,17.76789695420893,0.0
785.0,2.848576658838001,1.3734786340890095,-1.7718632282247002,8.581828628538961
786.0,2.1421812248105496,9.95669916854547,14.07738997955763,3.237026390772537
787.0,2.847872060773694,1.7562451191705886,5.5469764496635054,8.26828768140962
788.0,2.151227549835648,-18.150251724845837,-4.625593043461256,3.000828157421944
789.0,2.8486186954413992,5.304855824307192,6.294097014754152,8.1810236281872
790.0,2.8458986732849683,-14.352546307276546,8.16936654626367,5.635032051131209
791.0,2.2526712300210616,6.104074909631612,20.04194365913562,3.7292672102390165
792.0,2.6645634018030497,-7.247500234458627,14.777654441759923,4.985788553068414
793.0,2.3509923249250724,-1.4001101113586154,19.421080809758237,3.8619042165755455
794.0,2.8328181109149093,14.262494586243784,-6.151178903353442,5.576092359155866
795.0,2.849177270192824,3.820209209237836,15.77910172412532,5.786012936830795
796.0,2.8493132714335454,-1.8704798069919224,-1.6223037411488541,8.258150013750171
797.0,2.848759253372903,12.858640806891932,1.129813642707567,6.57572144746782
798.0,2.8482962252394213,12.981250517634555,-2.5177608228315598,6.939934654506748
799.0,2.851099827223237,-10.374282210345159,10.757078628235224,6.524204591045819
800.0,2.850664287379325,-2.1357960407679335,6.830876523142664,7.613860121349897
801.0,1.1783096846335517,-19.48627516257974,20.354806418881306,0.48229078117772173
802.0,2.848711451711846,-4.038131199829904,10.885783019182657,7.418069275212874
803.0,2.826454600217405,-5.720078420567444,12.853055442184253,5.547568547834571
804.0,2.8482173940195854,1.5534033337564754,6.194345289880751,8.076162810016806
805.0,2.8487104436844737,1.9629571725971884,4.46060378233386,8.083698570377797
806.0,2.8493746102058615,-0.7847549721716737,-12.29936336743607,6.42493968371651
807.0,2.84866152752452,4.7747625628634545,15.004285919857251,6.013991449391223
808.0,2.042920421565679,-21.028988749624016,-0.6729170666904487,2.248413387980208
809.0,2.822690249776527,-12.885989325887543,-12.792514423704075,5.265254961089197
810.0,2.846509201824487,13.316620085133852,8.858290901143157,5.731798229669801
811.0,2.84926321632303,-2.5056216487067253,-11.102988952268865,7.558503546055527
812.0,2.8475923195003654,7.721389873837305,-3.459492761551417,7.537126461321015
813.0,2.845726839085778,0.18712415513190225,-15.629026282456579,5.564362110246719
814.0,1.4998126858134735,12.654865658830897,-22.591909215442847,0.30262499636230694
815.0,2.848481494327036,2.4683505518069055,-9.955418125346872,7.669956072348532
816.0,2.847771399774787,1.4295674396131746,-10.352316782431537,7.502485497015057
817.0,2.848465397975559,6.174858005502372,-9.866633546516994,6.437191984764882
818.0,2.8498864618274915,4.660251952584053,-6.047675907786449,7.32563202233901
819.0,2.849854480299546,10.117181333680902,-4.191116807766674,7.033017812618785
820.0,2.6149094251635296,1.0919162492984151,17.681586984232123,4.421047450413096
821.0,2.325723095879041,-18.185922936366197,9.391442458193215,4.1185090373514655
822.0,2.2480363521331412,0.15028826263638284,-21.84159005339495,3.4274165685524403
823.0,2.4399361981297187,12.096666659849248,14.527405236149288,4.4606363806892615
824.0,2.173332401079785,12.788159550492212,-15.007568672576449,3.5657560629388114
825.0,2.8474897053072814,-4.597744397116086,6.182735700757128,7.866058184098257
826.0,2.8503377093413595,3.316225964057658,-2.591198837842667,8.400674587971913
827.0,1.558458707071982,-22.738886048721685,-5.42569153784911,0.0
828.0,1.8863699211669689,6.531032439056105,-21.913587644821632,1.7858476918525499
829.0,2.847498563400285,7.3036620189571355,-8.799712662301534,6.774150785479783
830.0,2.8476560197003873,-4.670499282844438,13.168092008279137,6.854910343453008
831.0,2.141726493089554,-14.480834686211352,12.414265450829937,3.394795439020801
832.0,1.5087425669829415,-16.300105075746337,-16.127049563034955,0.0
833.0,2.8514475737025493,6.088450454423528,-3.5159803796015585,8.301185953628083
834.0,2.850297299182914,-4.555108009015049,13.235135946950805,6.258711002053037
835.0,2.848829866452938,3.108902139450161,0.6679224490744619,8.640962592705351
836.0,2.850701395809511,-12.716234191153347,-5.878638426112689,6.682785571888658
837.0,2.8490146294427356,-14.79095794581385,2.274353297376389,6.141569182498627
838.0,1.2882818381191574,-12.280990201014053,-14.992615507249512,0.0
839.0,2.8494645012991495,16.084463954200782,1.350724732386001,6.48858183243862
840.0,2.8488660725969877,15.268629976111622,8.634856666057766,5.505676054015688
841.0,2.8480773499389636,-2.7664681820916144,13.279904335874157,6.556729723659278
842.0,2.370387741656323,14.0902618021852,-13.808004663819053,4.3558839132952025
843.0,2.3735076987072397,12.663815442026086,13.790201916628943,4.287250069357198
844.0,2.849011097336186,3.3194542472594795,5.644203124008095,8.048291150574768
845.0,2.851631747047185,-4.696061093323455,-9.911464850055731,7.656153288378644
846.0,2.848366744737496,3.9920775138789546,2.548222538824291,8.198435896749155
847.0,2.84812297015651,10.787288991035773,2.7640942294517963,7.364053567820743
848.0,2.2809113082447654,20.275324474270445,-2.781867029268795,3.555728802818461
849.0,2.849935385453609,14.20534543878887,2.2109716876245096,6.217760798988704
850.0,2.3743561377761893,-1.895530282576156,19.493325609135958,3.919616622146294
851.0,2.259239942434976,-20.60039173069492,5.071343273661939,3.735229117267611
852.0,2.849164507277978,-3.2200766695632645,1.0183458108623218,8.39222387796413
853.0,2.84889704459136,-8.93356159335838,-9.584424887377155,6.621477705440849
854.0,2.8492820536330363,-10.963918227131778,-11.39469060894595,6.444047672567302
855.0,2.8492606341158933,-5.268562735257253,14.266956815426983,6.421368283936617
856.0,2.8467767396058057,12.65654883077736,-14.783898847405947,5.485725413486057
857.0,2.847233755996593,3.2483603017922613,-0.20069616145137503,8.202527028793288
858.0,2.8476890253128424,-2.934237111397549,-4.635721567913958,8.08251242784528
859.0,2.849325317467959,0.9625543533222053,13.239591885456079,6.743095647578213
860.0,2.2979163218104914,-18.81386810701277,-6.147542006394396,3.8702283280108376
861.0,2.8503410333460777,-9.828594098756584,-0.7363472942822136,7.711658299851326
862.0,2.8498038712865625,9.242910273442332,6.051013246025295,7.610361926115237
863.0,1.6467764550142274,12.315400872839849,-20.03284642223187,0.2715901042127443
864.0,2.848930977854105,11.3160733628771,9.761914580606085,6.766440227343301
865.0,2.8493855567563515,3.489247909544347,7.78131860446145,8.054214204940012
866.0,2.8510104700059498,0.4212996994925254,1.9150759224744625,8.741600757280912
867.0,2.8490682563561354,15.978569743043286,5.606556797342174,5.60442925268397
868.0,2.842323365742363,5.539485344984126,-16.592853057234883,5.419637252589658
869.0,2.8493456531448604,1.6506157438084545,-1.136040939808057,8.690055328624249
870.0,2.8500391293071408,12.342084269076233,-2.9969791823277445,6.116359775747766
871.0,1.738349137756059,-0.11542534992600482,-24.004719177484773,0.22281403379914175
872.0,1.5772297699904887,-8.880545954613444,-18.756011289723443,0.0
873.0,2.8482623573060595,5.065691036082568,2.576370855364185,8.16508023587071
874.0,2.85092746807466,-2.3985051045950203,-1.6629970371862606,8.546311936693641
875.0,2.851082279224252,2.491343133674942,17.372844199601204,6.395678830527803
876.0,1.70685691285458,-19.33845799281982,14.171373087155384,1.687889618006816
877.0,2.0065641794814226,9.528567483026773,-19.592322179164995,2.6627791338885998
878.0,2.8076990197578087,14.118092631791953,10.834740975699045,5.095769573619799
879.0,2.0118270964545832,8.469378615279156,18.928816015841665,2.909682395390405
880.0,2.8488013601992903,-1.3699566258881464,-12.763658529334984,6.180451796174439
881.0,2.850239361729724,-2.357435836225218,-1.3253639366560976,8.231143437550632
882.0,2.5428203085235683,-16.3308448898302,-8.268706299596413,4.76025006390378
883.0,1.7668380160920845,-19.76574640635714,-11.630804281187773,1.3418230413845302
884.0,2.787870870236836,9.159655189358427,16.226748651974464,5.044979685374117
885.0,2.849866683296495,10.610243057327684,-0.1580361059580283,7.433746822968117
886.0,2.8487632878983917,-7.915509948440741,1.0447870920739766,8.144729373753048
887.0,2.8477643292577497,1.4480622690213756,14.347800508203195,6.538088526655361
888.0,2.849652218875486,-3.0594290154407995,-7.642931183246861,7.735734601257232
889.0,2.236979781306283,16.0436243914899,9.887243033464484,3.7568699807264054
890.0,2.8482357708672814,12.729280974849017,0.5584770883506511,6.410992435273098
891.0,2.8477442062287386,7.594138010787879,6.07158383493826,7.53670996921111
892.0,2.135451673658276,16.86502125039069,-8.963659574251174,3.3080070783232753
893.0,2.8500495413027633,-9.1130063387123,0.6200059498950103,8.125712644093364
894.0,1.492888172581041,23.065229992406074,0.05078689759451005,0.0
895.0,2.6164314854147745,-8.35258862441578,-15.947557546519151,4.9039861920612795
896.0,2.8492263271975604,-5.898334127981392,-0.3238402568069302,8.130581592978622
897.0,2.8488249535717647,-3.6035678058446523,-10.645569133559803,7.8373924611614925
898.0,1.6942670551157861,15.13704005655969,18.80594265817826,2.2207887769324453
899.0,2.2265641432536176,0.045034392109634364,17.205374004148297,3.288634866956215
900.0,2.8483597912899703,-7.017136681639671,11.918473037106615,6.434549969275159
901.0,2.8497438075051447,8.753002070494416,7.480425269550504,7.810681025772393
902.0,2.255132218091979,0.020725847533274416,-20.745703952829526,3.4712580907914634
903.0,2.060826764627697,-20.591066845008047,4.151255603053296,2.8355147833961105
904.0,2.848043231399702,11.397123388120807,7.244722925906392,6.613167105891698
905.0,1.556749327092797,5.034122186371335,-22.732197112133235,0.0
906.0,2.6257704721918365,-14.371452874925485,5.836050893124745,5.089781224905467
907.0,2.846953201710469,-5.6486633242026985,-3.813259858033236,8.214150944752333
908.0,2.8399674310306233,-17.098295948126783,4.098401321286679,5.557792380527715
909.0,2.8476224474142224,7.762852350162015,3.325773131434937,7.3513204962456875
910.0,1.869196152732941,-22.719801541376924,-0.42523831023467296,1.742750660505759
911.0,2.7567968585386313,-3.4194288236676154,-16.416498535648536,5.3428099371237785
912.0,2.3932889836603244,8.076370509169264,-16.92933242160375,4.236233935458812
913.0,1.6318670039683258,-10.384728605790375,-23.111379515280092,0.44757212249745554
914.0,2.8484525562442893,0.8685409243706996,-0.16242096244353282,8.647058410765185
915.0,1.862456943738868,22.10003681680798,2.87140571984713,1.923929145706464
916.0,2.850951849257875,1.756134745717726,12.049461510323995,6.327938674344064
917.0,2.141746740378468,13.351747601171285,16.71374082831382,3.611598837407301
918.0,2.163877207832086,-20.808897652182548,-0.23112544325956927,3.007494353575144
919.0,2.8478761173202796,10.043263690784245,7.912017929712213,6.557412154180275
920.0,2.849002477119752,3.445481456879865,0.1250478835169229,8.572760618247033
921.0,1.7848074561090688,3.521336425340977,-25.070773311712184,1.3469853048435465
922.0,2.8495645431485452,5.454886302053571,-11.812880933626028,6.409846228567253
923.0,2.8492043752209812,9.49285311438625,-13.461202526790592,6.1774423659273285
924.0,2.8471444374516364,-8.115364791581046,-9.105890591508052,6.321823512482501
925.0,2.847683249915833,8.617848424574543,-6.867865154099245,6.432628947537886
926.0,2.848277380164627,-4.982217135068665,8.358449420956664,7.570102815721679
927.0,2.848572507812204,10.552434151652093,8.95082777892784,7.024672575940739
928.0,2.848936222139091,8.885476828578385,-6.672466380263385,6.62551333721234
929.0,1.625963501597063,4.6422580181036786,-21.021670012705762,0.0
930.0,2.8501863693009732,-11.746750890658525,-4.2441620251034164,6.4084469055224655
931.0,2.1974427149276208,-18.871464473329336,-2.4925964495584543,3.16577387598072
932.0,2.8474139603604876,2.8527620307817796,4.139903120850124,8.391237078879518
933.0,2.8496311780265877,-4.104299331737577,4.2913219175159725,8.434964888231596
934.0,1.4550973861872263,-10.576300149980312,-24.79264205506097,0.0
935.0,1.388377960266392,-24.019163542880595,-9.206600241587628,0.0
936.0,1.877734697332294,-13.477217137006317,17.03435610958504,2.659890752128235
937.0,2.849274578080587,-4.7341396407606675,-3.2143396472894965,8.305989047503838
938.0,2.849994571524062,3.6728491181103973,8.27271427146271,7.915564768735919
939.0,2.849313886827824,4.496212686076937,12.51964405115457,6.850511210800817
940.0,2.850119501584589,-13.556980964441273,-10.167019029674256,5.892311469194595
941.0,2.8475015080611974,14.38634258136989,11.108394191289486,5.339750551113068
942.0,2.049121307857333,2.283572053234993,-20.566704667444693,2.4972569867853838
943.0,2.848010538618788,-10.467381686184641,11.679976851790295,5.975733080149304
944.0,2.191620282959694,-19.34736328390711,2.770998436576757,3.2697098958332145
945.0,2.8487845405606853,10.26603994786615,-9.62492126401322,6.2459942754528015
946.0,1.6059983579341477,19.816263210006625,15.244900744054641,1.921740197101773
947.0,2.848815693883125,-3.6901601121821836,13.988778399380646,5.985469698951344
948.0,2.8484690976840596,4.653075539064875,3.5761215309267773,8.00613120314832
949.0,2.8496324385232876,-13.413552076842324,1.556503894109071,7.3227488706208455
950.0,2.3782683604093524,16.336679722908844,6.61413175639853,4.175289804810614
951.0,2.212477291499335,4.81898736219997,-19.15674125371906,3.455409275485921
952.0,1.5605171208140904,-21.383414499091632,2.5830708676945533,0.0
953.0,2.847451021979413,-3.7681414388182732,-5.399391392037517,8.280749272554397
954.0,2.846942473661927,-1.0818896344280402,6.8359267571873765,7.592911703714205
955.0,2.846455790969642,-2.8455836454675945,0.6805958519770386,8.538067641408286
956.0,2.848545547483105,-16.485572976115577,4.654707716209336,6.106424039414572
957.0,2.363260971886865,-14.855085710859914,-11.793871828354186,4.270979423747928
958.0,1.1338214918528997,-15.366145945352635,-22.82425221947933,0.0
959.0,2.848667818413528,7.013351579338854,9.577186119389614,6.502876517967452
960.0,2.848931756835752,-6.2460580016059914,3.75595713680986,8.219693439322725
961.0,1.8676992836145125,-23.912435448891518,-5.399013673699461,1.839041776865548
962.0,1.8189006167634378,20.806106116898764,11.76392631151635,2.9684987132365275
963.0,1.633877389134479,-15.700301501975476,19.032744845136087,2.0079309405323733
964.0,2.0615479683569657,17.346559311764207,-10.4047058255768,3.0765403320806475
965.0,2.846163890801207,11.452372000187403,14.41574468910126,5.54303419788173
966.0,2.84813294041035,12.434885632523706,-3.4602571194070557,5.709425395143136
967.0,2.8502032831275006,-1.0303518659547897,9.308409488437293,7.894067202606219
968.0,1.6374662568286091,21.69260499021955,-6.117577963657189,0.7545557716626919
969.0,1.438267139855152,-24.177143105502886,9.702561060645587,0.0
970.0,1.8919162436031627,-20.006502222042595,-10.058514429911366,2.042081908543054
971.0,2.8505142092270566,5.5428929964135785,-9.788363986145162,6.95559736416457
972.0,2.8476985955961682,1.0901633218502418,-4.933483585664343,8.225417760576766
973.0,2.849066428532366,0.5297336420573381,6.545925707668337,7.822006396550272
974.0,1.5912447107181256,-23.207330908782094,-0.7542000822961819,0.0
975.0,1.9418191001509448,-12.287546332537739,18.106547881263488,2.987593583797409
976.0,2.849630880784975,1.620201885976485,-1.1697346898007128,8.588729056510928
977.0,2.849883984481707,10.449973745598767,-1.6074198719315567,7.649530671869928
978.0,2.064499867703218,-17.550137246863994,-13.196550708617625,3.166021728268411
979.0,2.8474184471984194,2.7288171083699906,12.305052603177124,6.808078010424684
980.0,2.6613244928364788,-10.829883172568069,-13.782447896854913,5.1590815821156575
981.0,1.3711742949507166,-22.832012095851447,-10.591467379974574,0.0
982.0,1.6030746393467605,19.84203229483238,13.33380604019346,1.5981542414859713
983.0,2.848843581353285,-5.298413709978956,1.744902697335874,8.47432507377713
984.0,2.8494482742965728,11.328971908483844,-11.745117267090862,5.944497460247424
985.0,2.6295197161217096,-14.320138923076547,-3.3085615924233145,5.054470231056396
986.0,2.850052877288738,-5.181825699731945,-10.672682358697264,7.018513801986371
987.0,2.849897044889618,-9.009400834320331,-3.387133228144316,7.693425202075289
988.0,2.4391840837341037,-8.114708259155917,15.386686454543856,4.347599341063352
989.0,2.3303408596140622,-13.652699207393342,12.25437689272937,4.077703788017617
990.0,1.5032826016165155,-9.40341956699757,-20.176334063388808,0.0
991.0,2.8484422489902803,4.799632740241665,12.100165377983663,5.9559982822131445
992.0,2.8488979880431926,-3.208044786078507,15.457756788402333,6.247829602606305
993.0,2.8484018062022907,2.4935601573019484,-15.993510732614387,5.923506338025368
994.0,1.778002882864514,-4.975246609333412,-20.83402152871728,0.3850618279391419
995.0,2.8506949919087505,-11.427125686583507,-4.365732751095253,7.591572134772708
996.0,2.122402913689137,-12.66368914343894,-17.265773961482783,3.46039292749008
997.0,1.7036070777490546,18.09346116042431,11.30562177662175,1.1009321586363279
998.0,2.849704921057279,-0.003516037316933624,2.319721493523342,8.1967921217763
999.0,2.8487727392614497,12.23407607400778,-4.913685079518044,6.86931430202779
1000.0,2.849086176172679,-13.562993447362203,-4.975003025615195,6.005947257708862
